<?xml version="1.0" encoding="UTF-8"?>
<project-private xmlns="http://www.netbeans.org/ns/project-private/1">
    <editor-bookmarks xmlns="http://www.netbeans.org/ns/editor-bookmarks/2" lastBookmarkId="0"/>
    <open-files xmlns="http://www.netbeans.org/ns/projectui-open-files/2">
        <group>
            <file>file:/C:/Users/munee/Documents/NetBeansProjects/WatchTour/src/watchtour/RegisterPage.java</file>
            <file>file:/C:/Users/munee/Documents/NetBeansProjects/WatchTour/src/watchtour/GetRecommendedMovies.java</file>
            <file>file:/C:/Users/munee/Documents/NetBeansProjects/WatchTour/src/watchtour/LoginPage.java</file>
            <file>file:/C:/Users/munee/Documents/NetBeansProjects/WatchTour/src/watchtour/SearchMovies.java</file>
            <file>file:/C:/Users/munee/Documents/NetBeansProjects/WatchTour/src/watchtour/WatchTour.java</file>
            <file>file:/C:/Users/munee/Documents/NetBeansProjects/WatchTour/src/watchtour/GenreSearch.java</file>
            <file>file:/C:/Users/munee/Documents/NetBeansProjects/WatchTour/src/watchtour/GetAllMovies.java</file>
            <file>file:/C:/Users/munee/Documents/NetBeansProjects/WatchTour/src/watchtour/UserPage.java</file>
            <file>file:/C:/Users/munee/Documents/NetBeansProjects/WatchTour/src/watchtour/GetPopularMovies.java</file>
            <file>file:/C:/Users/munee/Documents/NetBeansProjects/WatchTour/src/watchtour/NameSearch.java</file>
        </group>
    </open-files>
</project-private>
